enrollment_year,inflation_rate
2013,1.464832656
2014,1.622222977
2015,0.118627136
2016,1.261583206
2017,2.130110004
2018,2.442583297
2019,1.812210075
2020,1.233584396
2021,4.697858864
2022,8.002799821
2023,4.116338384
2024,2.949525205
2025,2.7